{"cameraMode":{"drawMode":0,"name":"Shaded","section":"Shading Mode"},"sceneLighting":false,"audioPlay":false,"sceneViewState":{"m_AlwaysRefresh":false,"showFog":true,"showSkybox":true,"showFlares":true,"showImageEffects":true,"showParticleSystems":true,"showVisualEffectGraphs":true,"m_FxEnabled":true},"in2DMode":false,"pivot":{"x":-0.020956695079803468,"y":0.17448195815086366,"z":0.47503209114074709},"rotation":{"x":0.0042042480781674389,"y":0.9840227365493774,"z":0.02331443689763546,"w":-0.17666955292224885},"size":1.148980736732483,"orthographic":false}